asset_name,asset_type,x,y
Wynvpdj,School,93,50
Wlrooej,Hospital,39,68
Hdsdafb,School,1,34
Egingok,BusStop,91,20
Xkogqon,School,47,96
Dcuxrpc,BusStop,11,99
Gmnqvci,School,43,81
Ssrbdgd,Park,55,75
Hizcczu,Hospital,10,30
Cdtszkp,School,76,95
Qkxbjam,Park,40,16
Ntkhjuu,Park,11,60
Uwsenav,Park,62,40
Qpatnhu,School,48,99
Hpakwif,Park,18,1
Xyqtlst,Hospital,32,62
Ghjqnpx,School,44,73
Hpmjkyd,BusStop,97,40
Fmdlxul,Park,47,43
Erqzsgr,BusStop,32,43
Gdtptmk,BusStop,64,50
Azjwmsk,BusStop,99,14
Nkmyhdf,Hospital,75,68
Danitgl,School,78,16
Qldyhym,BusStop,37,99
Easitbc,BusStop,22,97
Zpykecx,BusStop,6,81
Qugsgvo,Hospital,97,4
Zkizopy,School,66,60
Aegoxqs,Park,97,20
Nsrajvj,Park,32,50
Drmwsoc,Hospital,40,52
Ttwsfjr,BusStop,20,1
Yxlsqpd,Hospital,20,31
Zuzgvja,Park,82,98
Laixtku,School,95,22
Wskpfxz,BusStop,28,1
Qnpyyuh,Park,57,44
Igolgvn,BusStop,21,63
Isnknui,School,84,61
Bymruws,School,62,29
Hnwlrip,School,50,54
Medwnot,Park,77,36
Smxlovs,Park,34,20
Tuwbsva,School,31,28
Kzocpcz,Hospital,6,74
Gbexocs,School,4,2
Enzinkx,BusStop,7,20
Kszxhdb,BusStop,47,37
Llgbrcz,BusStop,65,45
Takurkr,Hospital,50,33
Oybbmge,School,26,24
Jllinyy,BusStop,82,6
Buokayb,Park,47,99
Jxbqmej,Park,8,4
Ojvxotd,School,33,55
Elsppfp,BusStop,82,83
Nienqau,Park,62,45
Ejfaexn,BusStop,31,62
Vveeprq,BusStop,79,72
Igbqwev,Park,88,61
Plgohse,Park,34,37
Wneidxm,Hospital,96,58
Pnsvcvx,School,57,56
Ewnrkdh,Park,31,70
Bgaucmo,BusStop,50,80
Xdlnfol,BusStop,99,71
Nmrihah,Hospital,89,78
Ipwpzvz,Hospital,13,52
Mdeiark,School,83,84
Raqkfhw,Park,71,53
Kogpkxa,School,89,31
Dxecgnu,Park,38,6
Rcgxiep,Park,8,30
Txpiygy,Hospital,35,23
Zvlgilk,BusStop,29,87
Prudgix,BusStop,49,50
Zcdbdaw,BusStop,86,24
Zbgjgum,Park,98,33
Xiindgk,Park,35,24
Jxqzinu,Park,58,55
Lxdgoar,Hospital,85,92
Hohsnbk,School,11,35
Dwtjwxi,BusStop,9,1
Hxtnehq,Hospital,42,39
Vghmaef,School,63,28
Dnyflda,School,86,48
Mwlrtzn,Park,88,47
Tzgjvap,School,38,48
Xdowrmm,Park,26,87
Fvpiiob,Park,66,5
Ycahztx,School,18,70
Jrmukpd,BusStop,12,69
Qbkkfbw,BusStop,45,16
Ypamhtd,Park,38,66
Evqmuti,Hospital,51,15
Cpjbyuq,Park,92,26
Obahors,Hospital,3,49
Dmetsab,Hospital,78,14
Nbmzirp,School,41,6
Aggzifq,School,66,36
Hvcjkkd,Park,72,68
Fteqzpc,School,77,32
Lflhyuz,BusStop,21,84
Irmguni,Hospital,46,32
Gpvupjr,Park,24,70
Hwfqcjw,School,15,83
Avjfypc,BusStop,49,90
Cmaachx,Park,87,83
Mfqtmmx,BusStop,61,40
Rnywbtd,BusStop,34,66
Qcupjif,Park,6,46
Fxpyxax,Park,52,5
Nbbcmbu,BusStop,47,79
Oqziprt,Park,97,37
Kbbyxjr,School,81,89
Wgshant,BusStop,42,52
Dbbirii,Park,51,89
Apvufpo,School,9,66
Fbiftlw,BusStop,69,12
Cxeytcv,Hospital,68,29
Aowzytm,BusStop,35,57
Pcrknkt,Park,14,9
Zmtdfwq,School,98,94
Pwglaph,Park,61,56
Myhritq,BusStop,100,69
Rdsmamp,School,53,63
Prnssrn,School,80,84
Orvpojt,Park,39,42
Zooqhrn,Hospital,93,89
Plyblvz,BusStop,53,59
Rehisba,Hospital,85,18
Apjvkkt,School,61,10
Lhinjsn,Park,9,3
Rwskywg,School,85,3
Ainzwlz,School,79,59
Xaqjhcm,BusStop,33,74
Zsapdym,BusStop,37,52
Ldlmqgy,School,39,71
Tcezwbe,School,24,35
Xquvuqr,Hospital,16,19
Jrnigwt,BusStop,86,39
Uciqzbs,School,87,94
Ddxtrqv,Hospital,34,32
Ilxnkha,Hospital,68,27
Ngtpskp,School,83,6
Somlige,Park,11,56
Rgjjurw,Hospital,84,11
Hicfbzv,BusStop,2,62
Dxrsfis,Park,35,28
Poowglp,BusStop,37,12
Ytsabyr,Park,61,26
Ornzvnp,School,76,44
Gwgujpy,BusStop,98,80
Yixmskn,School,83,74
Hvnyajt,Hospital,49,86
Jrendyy,BusStop,8,30
Nakokzx,School,14,98
Danxhag,School,66,61
Ojrjekp,Park,20,9
Uzzcfye,School,17,70
Ofqaznq,School,88,86
Wshoirb,Hospital,72,1
Bbfmigx,Park,4,44
Rhrmktb,Hospital,75,23
Uqegbdd,BusStop,76,24
Dodojnz,BusStop,51,50
Xwiatps,Park,49,50
Rapvhpg,BusStop,81,91
Qrgktms,BusStop,69,66
Jveapts,Hospital,80,86
Xjtesjj,School,100,25
Kkedrae,BusStop,3,5
Fsiknbr,BusStop,71,71
Bzwrpzl,BusStop,7,57
Nkqltor,Hospital,20,8
Brvdbsb,School,53,40
Fndefsc,School,46,78
Jaenhjm,Hospital,15,36
Qznjaqa,Hospital,12,73
Icvefcq,Hospital,40,8
Xailbpm,BusStop,50,76
Sqlpydi,Hospital,52,28
Sphwtvv,School,37,14
Euoeofz,Hospital,3,52
Dudarwa,Park,59,14
Wfwwkxc,Hospital,11,9
Scohudp,School,94,35
Wkxfsti,School,68,5
Vmdewrs,BusStop,35,90
Yaukdfr,Park,54,69
Pjpnccl,BusStop,85,22
Wxrigpv,BusStop,90,77
Okfjrhn,Park,80,78
Aiozoic,Hospital,41,30
Yalegam,School,92,7
Vuhfiws,School,65,11
Dcuociu,School,24,61
Oakidam,BusStop,26,24
Hubxatq,School,53,30
Mxwrhvc,Park,60,32
Uhwrhra,School,100,77
Uzvbakl,School,37,79
Qehddky,School,28,78
Jpwgtvp,Hospital,38,92
Blklcin,School,88,4
Hxsxmjx,Hospital,48,55
Jpyybyx,BusStop,45,69
Cpvyudk,Hospital,84,81
Lbhfepp,School,87,57
Ozziroq,Hospital,67,61
Askpcvi,BusStop,4,99
Szorysm,School,93,61
Gyjlgjn,Park,75,6
Hygjhqy,Hospital,22,39
Lnsqsuy,School,17,80
Tvftaen,School,69,21
Wvjvukl,BusStop,23,62
Bxoqlvp,BusStop,75,71
Tlfltwd,Hospital,76,14
Godwxwz,BusStop,27,33
Uocbxah,Hospital,34,92
Javviqs,Hospital,68,26
Mbnddaq,Park,63,18
Gslyawl,BusStop,71,65
Hnrwrpi,Park,11,25
Enwiick,School,4,43
Iosyslw,School,11,43
Oxmzeqj,Hospital,90,43
Ujymjlm,BusStop,35,28
Deipapj,School,66,42
Qcmhngx,Hospital,28,49
Mwghshf,BusStop,32,22
Yeejmzb,Park,22,39
Hxptxnk,School,43,37
Lzotpyk,School,23,10
Nwpagyd,School,7,34
Izutkqh,Hospital,97,31
Xhfuwwa,School,71,86
Khudldb,BusStop,100,61
Wkwvqxj,BusStop,93,20
Wegypnd,BusStop,69,17
Orhkidk,Hospital,62,25
Giwnjju,Park,49,86
Dqmxdec,School,51,70
Kpnlvkq,Hospital,70,22
Jskxsfj,Hospital,57,57
Hyquzzu,School,67,70
Jfahutp,Hospital,47,52
Ecepmip,Hospital,59,5
Tdglzyj,Hospital,32,18
Cnjzpne,Hospital,48,62
Glhtxrn,BusStop,53,55
Qoullat,Hospital,30,61
Trsenvy,Hospital,74,63
Qrqoxgi,Hospital,1,83
Jrxgpss,BusStop,27,5
Pvtjhiu,BusStop,94,60
Kkezvmv,Park,44,11
Cgmfifn,BusStop,24,0
Znrkfop,School,32,73
Gshwujl,School,52,53
Jlfkpjg,School,88,56
Qobcncg,Hospital,53,96
Crczrgq,BusStop,82,52
Astnvgu,School,41,69
Fdaocsj,School,99,89
Nlkwwob,BusStop,91,25
Yzfnzqk,Park,56,42
Jthwhzn,Hospital,7,44
Mcniprq,Hospital,92,80
Fzgxtvt,School,24,84
Jacwxnc,Park,84,45
Nopikzy,Hospital,37,5
Swmzgpa,School,86,98
Vcchqxb,Hospital,63,55
Xhpzxlg,Park,77,84
Cdeqzsk,BusStop,73,54
Bttivof,Park,69,8
Syyghbm,Park,19,13
Irslcai,BusStop,62,94
Lkaozkf,Park,53,3
Zvcyime,School,56,72
Xaxgfpf,Park,91,1
Trvthll,School,30,85
Kfmauor,BusStop,65,82
Tpemllc,School,69,18
Txjqxui,BusStop,80,88
Mncjdco,School,7,63
Xkxmtsu,School,70,42
Rcsjtam,School,34,75
Xerolsz,Hospital,8,46
Desvhvw,School,0,4
Rlljvgx,Park,81,67
Hnkzhkr,Park,36,7
Niseull,Park,39,2
Xomamgc,BusStop,50,5
Fcjwuaw,Park,80,80
Njyaykz,Hospital,67,35
Sqjjrnr,BusStop,55,24
Deapmeb,BusStop,50,58
Ogricoo,BusStop,25,6
Wqcrosr,Park,20,88
Ncfznzs,School,56,30
Rggtwql,Park,38,10
Eitwhez,Hospital,1,50
Encwgvm,Park,71,43
Gsrredt,BusStop,23,14
Vyuabgo,School,11,0
Vzrucqn,Park,61,18
Gqldycg,BusStop,78,34
Lsmjqjz,Park,18,53
Ckvxwof,BusStop,21,1
Yxjeqfo,Park,61,24
Ymrofzy,Park,46,79
Ntvujzc,School,65,0
Fvolvrq,BusStop,56,7
Uxmneju,Park,85,65
Tfkfwpn,Park,81,22
Hmqiiwc,Hospital,10,34
Kbsfgff,Park,46,55
Efnwsyi,Park,41,62
Aigjakc,School,28,14
Ssrsibs,Park,68,76
Oysqgcf,School,100,61
Xwlsins,Hospital,23,25
Gotajnk,School,47,43
Vnhqzlf,Hospital,5,59
Ulkyawk,BusStop,50,37
Znvcdvb,School,47,90
Wfnawwa,BusStop,32,51
Jgssgek,School,53,76
Vtxxptd,Park,83,71
Oaccgvg,Hospital,87,6
Frjczvn,Park,78,35
Gjhhgga,School,70,61
Hxvykem,BusStop,77,98
Anowuuk,Park,17,55
Xkfhcct,School,31,28
Cfmtxvu,Hospital,26,63
Risqfzj,BusStop,63,41
Apqsulc,BusStop,39,69
Giwjiow,Hospital,57,17
Ahmotyu,Hospital,86,100
Oqwrjhg,School,63,89
Eyprwzv,School,12,83
Fmrwalw,Park,11,69
Yigphpm,Hospital,22,95
Ogpubyw,School,35,93
Ugaufds,Hospital,27,10
Ecvuxmd,Hospital,59,33
Gmdzunv,Hospital,11,92
Jemwxup,BusStop,6,11
Leqqutk,Hospital,83,90
Qlbhkar,School,14,56
Pdvfkfm,BusStop,36,7
Tbnilea,Park,100,8
Hrcvypy,BusStop,61,76
Dmkjqfz,Park,90,2
Cbnumrp,Hospital,47,93
Zxqjyws,BusStop,18,23
Ymzjuud,Park,62,85
Ywrkonx,Park,54,19
Daeppup,BusStop,34,46
Bgxgrbq,School,40,59
Ptmjfhc,School,71,77
Fnjsrnz,Park,95,25
Rzorvug,Hospital,39,14
Urezhif,School,85,68
Tpbyzee,Park,39,87
Aqgfqzu,Park,54,75
Ruvyfxo,Park,84,100
Nadjcrj,Park,32,91
Ixnaaci,BusStop,2,56
Orhclyj,Park,91,96
Rcsapic,Hospital,18,88
Mqltebw,BusStop,17,41
Hzbjttk,Hospital,63,48
Iefomjj,School,25,87
Njhzfdr,BusStop,78,59
Ouukhgz,Hospital,48,41
Aavrmys,Park,5,38
Byizdpq,Park,3,74
Iqvialp,School,24,78
Ggswipz,Park,30,47
Yvsnzoz,School,36,33
Xcirnrj,BusStop,64,63
Cgzbpyp,School,34,2
Evkkqsa,BusStop,4,32
Myyfker,BusStop,50,27
Epwxprg,BusStop,26,63
Avwifrc,Hospital,82,15
Xxkrudh,Park,98,89
Xoispyq,Hospital,59,56
Fsemrar,Hospital,95,68
Szszirw,Hospital,62,81
Pwdotbw,Park,90,25
Ddwjhak,Hospital,45,8
Hqtjdad,BusStop,24,4
Ybvxlfn,School,21,66
Qymuudd,BusStop,13,47
Gsqjgya,Hospital,24,73
Qbhgkoi,Hospital,6,35
Mkawbzf,School,69,9
Ealmjjs,BusStop,48,37
Qqxgmnu,Hospital,47,33
Aywvemn,BusStop,36,19
Iyymtdk,BusStop,62,49
Plizvlf,Park,74,57
Mkcrfsc,BusStop,2,5
Edurgqg,Park,30,53
Pgonvyf,Park,55,73
Icjaqld,School,10,57
Qzdpsac,Hospital,21,95
Zcxplsz,Hospital,71,92
Tilsnwm,School,1,62
Nzjddbv,Hospital,86,45
Cslophs,BusStop,47,25
Wuwjtaq,BusStop,2,95
Nwqdfoi,BusStop,11,2
Zdqawby,Park,81,48
Qwuhmtc,Hospital,96,5
Qjfnqxj,Hospital,52,85
Sbpflsh,Hospital,70,62
Qbijglx,Park,62,71
Buozhna,Park,90,63
Wywlqmp,BusStop,51,96
Ucdmguf,BusStop,62,96
Mipfpmn,Park,31,57
Wudlqus,Hospital,31,91
Tkmmoju,Park,86,22
Quvkcni,Hospital,54,84
Hlwsgaj,BusStop,77,41
Unmclla,School,92,49
Swavlhp,BusStop,55,2
Jwkmgzd,Park,77,25
Qjbnkso,BusStop,21,51
Tkemxtk,Hospital,5,71
Gufmxdc,Hospital,51,64
Xyyguzl,BusStop,34,12
Iqxemcl,BusStop,37,47
Frgafjz,Hospital,10,4
Phgumtw,Park,23,88
Rcaryqk,Park,41,43
Cjrcvmm,Park,45,83
Dpkhlgr,Hospital,47,97
Udoqgko,Park,33,73
Lnlrxnt,BusStop,11,27
Kxsgrvb,School,11,14
Dxuxnop,School,52,92
Lxcxwdz,Hospital,9,63
Lpsjjkl,School,7,92
Qehfyfo,Park,39,59
Jfmvlia,BusStop,59,53
Qyaeevh,Hospital,40,18
Rdpaeiu,Park,87,30
Pndapja,BusStop,37,92
Htfxivt,BusStop,12,79
Ulgezil,Park,100,47
Xyylegd,School,8,82
Xbjewuo,Park,48,27
Pdrwbnk,School,33,84
Ppughjk,School,89,15
Kvcooaf,Park,55,71
Qujizhp,BusStop,40,15
Pqswjqp,Park,96,14
Mcjfyak,School,28,52
Fhlgcub,Hospital,30,13
Ykenzxe,Park,39,32
Ojpemlf,Park,23,48
Jzbipvg,Park,0,91
Mypsguh,Hospital,0,55
Bddfzoz,Park,64,78
Qhvadzp,Hospital,40,3
Rnfxbih,School,89,74
Iftcfnw,Park,72,0
Zfloxms,Hospital,44,66
Anqayzr,Park,65,25
Revsemq,BusStop,84,9
Juwykpp,BusStop,37,43
Xpreeaz,BusStop,18,37
Itdlkps,Hospital,91,1
Aejwyvy,BusStop,46,74
Sdprhlj,BusStop,81,56
Mjmwgkj,School,60,47
Osullfr,Park,2,20
Mbosfcb,School,24,71
Hxoqhbq,Hospital,34,0
Rigeqvy,Park,84,92
Ggekiwx,Park,63,31
Cldfdgd,School,58,49
Wdukkdr,BusStop,79,54
Vtksyka,BusStop,30,23
Uabihur,School,97,10
Cnuzwhr,BusStop,5,39
Bsswhof,Hospital,37,33
Exvjorf,Hospital,49,87
Ewpjgre,School,64,96
Fahrrrn,Hospital,61,77
Keeleow,BusStop,76,38
Rgnegun,Park,25,89
Tymmbqz,Park,78,67
Ujghhli,Hospital,64,61
Xptxndb,BusStop,72,76
Hgawwdn,Park,23,17
Lczjuuc,Park,74,2
Ksebynn,Park,71,68
Nokxhjt,Hospital,28,85
Mhfymrv,School,14,66
Dajthxr,School,70,31
Horedip,School,59,57
Zomgyhl,Park,45,30
Bgaonzi,Park,39,62
Dhcxgrj,Park,77,47
Kljxemd,Hospital,8,14
Owlfqmf,Park,33,75
Xxuqmrs,Park,72,85
Xhhnlzv,Hospital,31,98
Acadaha,BusStop,18,72
Qgwvgdg,Park,93,12
Cpbfuza,Park,71,6
Sckptsz,School,84,74
Eezuvma,School,50,90
Fnyuooh,School,38,52
Krswmdy,Hospital,60,51
Blzxiok,School,44,96
Zbdjowf,Park,78,69
Tlluitq,Hospital,17,98
Azydfsr,Hospital,5,80
Xfszlbt,School,26,29
Brzbufk,Hospital,67,1
Wmaupfm,Park,45,60
Gsopjoz,Park,44,23
Kaalndx,Park,69,91
Vpgyfiz,BusStop,55,48
Iaspbdo,Hospital,94,44
Xhtnzgl,BusStop,44,41
Rxuddnp,School,48,68
Bmsqcum,Park,54,96
Cgxuyps,School,42,29
Zqvslfr,Park,92,37
Ehqqbix,Park,94,68
Pwgghht,Park,77,87
Naowqpd,School,0,75
Gkdxvaf,BusStop,97,68
Vuczgyo,Hospital,62,63
Uqjydel,BusStop,48,8
Xbkzbyf,School,80,94
Cbmrejd,BusStop,81,84
Hrynijw,School,49,77
Kuriyib,BusStop,72,62
Fdjqrau,BusStop,60,44
Sntynfx,Hospital,25,48
Lnvuupx,Hospital,61,40
Knrzpsi,BusStop,98,55
Eqpauig,BusStop,31,67
Wpwjbul,Park,96,81
Pxgxvlv,Hospital,43,14
Tcambqj,School,72,29
Dcztizz,BusStop,24,31
Onsvrwy,Hospital,74,51
Wppubib,School,55,0
Fjcvcrp,Park,3,98
Kgujagw,BusStop,45,62
Edaofhr,School,5,47
Yqdhjgj,Hospital,83,80
Ccbwumq,Park,29,32
Dteoxcn,Park,35,35
Jogwcaf,BusStop,9,8
Rajepde,BusStop,77,46
Kwpwxdq,School,96,5
Cnjsvvm,Park,0,29
Pbajrow,Park,49,65
Rihaayy,BusStop,43,8
Lfkniaa,Park,28,4
Effhvjf,School,31,51
Jmzsvip,School,35,69
Nsoeshl,BusStop,32,97
Qpzuwgr,BusStop,71,61
Nsbayql,BusStop,65,49
Aegbmyv,School,43,85
Lnzcrin,BusStop,93,38
Kipptkn,School,81,19
Fdukroh,Park,22,86
Hokyggw,Hospital,73,48
Aauwoec,Hospital,72,37
Qpiddmv,BusStop,69,100
Xgivitr,Hospital,53,91
Uggvxle,Hospital,56,69
Pragszo,Park,68,40
Qkvdyfg,School,0,85
Bknqzug,Park,65,94
Iyvkenc,BusStop,89,12
Gzphtia,School,62,28
Ppijiqa,Park,35,28
Ccjxoap,BusStop,60,96
Kkzhoby,School,6,45
Hxaanwe,School,15,29
Sznvnsp,Park,22,22
Jaqvltz,Hospital,36,47
Rsgpqaq,School,25,41
Bejxhux,BusStop,95,71
Flgsrjk,School,85,90
Avpurvj,BusStop,51,91
Xnnraku,School,5,57
Nchbgxq,School,20,71
Xtvxtgo,BusStop,51,67
Zaotejp,Hospital,89,52
Xjmrwkz,School,59,26
Urdjmas,Park,77,87
Swiimln,Hospital,92,79
Ttqofdv,School,14,74
Vxszcfy,Hospital,60,34
Dmzyogr,Hospital,93,16
Wahjojk,Hospital,83,85
Exvrsmp,School,60,94
Tfyioex,School,7,71
Giqbnha,School,100,100
Vsjcrsn,Park,77,88
Nqbwaod,BusStop,12,34
Evderjl,School,95,40
Stomcka,School,15,22
Dgoqgwk,School,87,18
Iqfdxak,Park,4,79
Zsgricg,School,100,96
Bksqzqi,BusStop,15,32
Ljovyxo,Hospital,88,45
Mbqjmjf,Park,21,81
Qciufyb,Hospital,94,66
Rmsxjeb,BusStop,92,89
Zlioqis,Park,32,43
Mdsmorv,School,72,31
Eyplbst,Park,47,61
Snfnwbf,Hospital,30,22
Vfxgcgt,Park,90,89
Szduioy,School,27,51
Eudlbba,BusStop,55,48
Zipvmjj,School,61,82
Vmrjflk,Hospital,7,82
Pegllvm,Hospital,46,51
Tfokfri,BusStop,13,76
Apfuqgg,Park,8,6
Wvgknug,Park,55,19
Xterbob,Park,31,61
Xdwowkk,Hospital,87,63
Vhcnbxz,Hospital,18,74
Rxsgpin,Park,89,43
Uxdudvs,Park,82,16
Gjoyzcj,BusStop,76,78
Ejebcui,Hospital,65,0
Nmujgnv,Hospital,22,89
Duqjidd,BusStop,6,46
Stpoiom,School,25,67
Pcurcyd,School,42,48
Jqtdneq,BusStop,65,43
Qozncfb,BusStop,26,61
Evmxxrs,Park,33,75
Tnddhtp,Hospital,38,3
Xfmoank,Park,14,52
Ztbimok,BusStop,57,1
Deiraxf,School,38,89
Gzycxga,School,52,14
Hczdhqs,Hospital,64,81
Rwdoymn,Hospital,91,80
Mykpwmc,Park,87,58
Qzqqwzr,School,93,43
Mkegnyb,School,42,5
Qaryjsx,BusStop,28,93
Qxrmioa,Park,42,49
Ggppwul,BusStop,6,54
Wybjafy,School,10,51
Avkbbfd,Hospital,17,38
Nekyklv,Hospital,73,28
Nhpaior,BusStop,14,55
Onumphl,School,28,90
Lyhcvkh,Park,68,9
Jikznai,School,94,73
Iljumfz,School,18,32
Tnqrcvh,School,77,2
Nqynpgu,BusStop,46,50
Dimlxmr,Hospital,86,83
Qszozvt,Hospital,84,7
Gliscxy,BusStop,50,22
Kawrlbc,BusStop,16,45
Tpzoihj,Hospital,54,10
Vsugbeu,Park,48,13
Bjwneap,BusStop,80,66
Hzfclcm,BusStop,15,10
Bqqgndh,Hospital,60,40
Qqjgnuk,Park,14,80
Stzuxwd,Park,33,71
Mdosdhu,Park,65,41
Ghifnpc,Park,16,77
Favnjwx,Park,30,39
Gkbagtd,School,24,89
Iyhzxks,Hospital,41,92
Sayfkbx,Park,66,77
Sqtwstx,School,74,21
Jyhqvfo,Park,69,48
Vohfbkw,BusStop,28,3
Dsvjmpf,Hospital,19,57
Oumzuyi,Hospital,43,12
Kjblwuh,Hospital,75,69
Mdeknop,School,46,18
Mzpqipy,BusStop,88,34
Csqnhev,School,69,67
Twaciys,BusStop,67,75
Sfmepov,BusStop,6,56
Dmjffnf,Hospital,29,0
Txsnijf,Park,84,58
Ssqamln,Hospital,8,16
Vbiiazl,Hospital,39,90
Omegsry,Hospital,80,91
Rrpsthv,BusStop,84,75
Plncilz,BusStop,95,2
Egwnlib,BusStop,76,34
Oyhhkiu,School,41,100
Aywalav,Hospital,20,87
Gejtfqc,Park,4,27
Tmhnwhv,Park,53,79
Wasoclw,Hospital,15,14
Icdlwmr,School,43,81
Cxcmqls,Park,35,31
Tuymwcr,BusStop,61,25
Gwbgnno,School,90,93
Nejasqn,BusStop,66,11
Utlsaar,Park,25,70
Ugbrowg,Park,51,49
Xqflvkc,BusStop,73,15
Thexddi,Hospital,9,54
Tzyaxfh,Hospital,13,44
Edvxghs,School,30,14
Cyticoo,School,78,29
Lqgdfjw,School,73,43
Uutojsv,Park,43,98
Ykltizy,Park,90,10
Xjiefmn,Park,58,58
Chinhbm,Hospital,64,27
Rsjcvuj,Hospital,0,17
Vrnwkdw,School,28,38
Clqcjgx,School,95,7
Sfyxkbi,School,70,19
Wcvhujl,BusStop,8,22
Dqmzqhx,Hospital,16,99
Qagwwps,Park,18,65
Bwlefap,BusStop,0,86
Xjswilt,School,22,68
Dhmamta,BusStop,13,24
Fkfidhy,Hospital,84,71
Pfnlsyi,Hospital,41,39
Rpmgwbg,BusStop,86,1
Lsepynu,BusStop,65,8
Nxteyir,Hospital,10,95
Ueedioo,School,94,79
Iedsjpz,BusStop,17,95
Ytevxla,School,33,0
Rugkowd,Hospital,76,51
Vbbacum,School,90,7
Gphwgof,School,73,8
Vbevoot,Hospital,56,10
Tbsxjnu,Park,0,92
Dnqaszx,School,89,24
Kpeahpy,BusStop,9,44
Vmyjugn,School,64,13
Dcflglc,BusStop,43,64
Umrvvlh,BusStop,15,50
Vwpqmlk,School,99,78
Yknuhpz,BusStop,15,62
Hsxkhgy,Hospital,89,60
Tqndnlv,Hospital,21,89
Rbfzkwl,Hospital,11,75
Vtvtsyv,Park,98,58
Ysfcilx,Park,90,52
Ntjztgj,Hospital,13,31
Femvsrf,School,19,10
Uhljpqf,Park,85,62
Zlzwzht,Park,11,54
Gxccyax,Hospital,77,72
Umswevg,Hospital,25,57
Hmyabpi,BusStop,50,63
Xhhwixo,Park,79,29
Zfgmrlx,School,47,58
Ztateev,Hospital,20,32
Ieowpdj,School,24,63
Gxmgvqp,Hospital,32,84
Ydbvcyq,BusStop,50,73
Tlfxwzn,Park,21,79
Amegjae,School,90,48
Riurjbs,BusStop,52,39
Yzeeadx,BusStop,51,29
Tumoksb,BusStop,20,87
Gfuxgjr,BusStop,13,86
Azqmryu,School,89,1
Nnofsbk,BusStop,14,18
Ojdizym,Hospital,6,11
Axgmcqt,Hospital,11,95
Fzeembh,Park,31,52
Hzqaaux,Hospital,12,88
Xutipal,BusStop,10,68
Alpytih,BusStop,19,71
Zozpsyz,Park,88,98
Rqrkrwp,Park,39,87
Fvevabu,School,38,89
Hgdnjag,BusStop,18,78
Ysnrjpy,School,9,36
Aietcox,Hospital,51,49
Xmtkclr,Park,99,38
Aynjpmq,BusStop,11,58
Olrpbsd,Park,53,52
Wevqptz,Park,39,86
Luwsknf,Hospital,55,12
Ghnxxev,BusStop,96,56
Fgvbwmz,BusStop,30,94
Jsdrupw,Hospital,81,79
Wqzroeb,Park,25,1
Qahkiei,BusStop,53,2
Ojfazng,School,91,4
Gsejskt,Hospital,26,78
Jpetdtl,Hospital,9,40
Dqhcdio,School,98,42
Dvrhgfj,BusStop,43,88
Jpyvffe,School,84,13
Xkcgdno,Hospital,67,75
Olgbvdj,Park,6,13
Yuyczvn,BusStop,81,57
Xobbxqy,Hospital,52,70
Nmyxfau,School,37,39
Vazpuhq,Hospital,89,99
Nszrhic,Hospital,22,74
Zidadka,Hospital,96,60
Caaevyp,School,34,51
Wlnhpfp,BusStop,90,52
Oluzbuj,School,30,76
Cmpfmte,Park,22,61
Lzstdbu,School,30,45
Lxzqdpn,School,10,51
Ynkzinx,BusStop,29,12
Nrxbzkh,School,46,50
Qtuqkzk,School,97,71
Sqihjbx,Park,16,9
Zlsvnlp,Park,63,22
Evabalz,BusStop,28,88
Pxjvxfo,School,42,27
Dfycadr,Hospital,47,56
Qkqbrea,BusStop,9,21
Ujyhnpf,Park,66,16
Oncysat,School,85,59
Nqmgtin,Hospital,81,7
Cpqybnz,BusStop,100,15
Wgfpmvd,School,93,99
Pqhuopd,Park,37,97
Cmhtzsj,Hospital,98,16
Eqlydif,Hospital,57,49
Yecrlxi,BusStop,80,20
Wnkjyyq,Hospital,55,80
Qctxnsi,School,21,19
Felyzpb,Park,92,91
Ytszfxc,BusStop,97,36
Pcaoqpf,BusStop,17,25
Gwdoler,BusStop,67,75
Tabxplp,Hospital,27,34
Sicbdbb,Park,20,56
Ywpjcja,Hospital,99,78
Nqmequj,BusStop,48,32
Cfvpoou,Park,32,36
Fzsfsma,Hospital,8,74
Oeokqpp,School,88,98
Ddyxwwm,BusStop,97,83
Mzmmmto,School,74,82
Upidpov,BusStop,39,33
Opzgwot,School,5,99
Zozesdu,School,28,46
Hrcqgio,Park,50,63
Clajdim,Hospital,23,30
Umuzqqd,BusStop,44,54
Ctfxrhe,Park,31,17
Dbklbur,School,0,87
Lmdqvoz,School,35,42
Zlryibw,Hospital,93,95
Lhezdpr,Park,63,60
Qbalkqj,School,23,30
Bkxyhfx,School,60,37
Djkliva,School,66,41
Ogosmzg,Hospital,23,42
Ckajrfv,Park,26,31
Wjrrjqm,Park,34,24
Tpminmv,Park,84,90
Wtlfdxk,School,59,35
Sguqbwh,Hospital,41,54
Shmqlcj,Hospital,23,41
Uabgxbi,School,12,63
Conjjdi,Park,78,55
Rreopjc,School,37,48
Pbmaggs,Hospital,77,63
Cduxaxv,School,0,30
Ueorxnm,Park,19,60
Qxetqpl,BusStop,84,58
Hzjvjro,Park,100,57
Jdxznjf,Park,38,67
Pasfhin,BusStop,45,5
Hlvkluy,School,100,52
Appdnao,Park,48,15
Enszjwc,School,33,53
Bcebooz,School,97,65
Niorslc,BusStop,87,17
Metvush,Hospital,57,95
Xcihogr,Hospital,90,29
Altqdfc,Hospital,21,88
Xycejkj,Hospital,68,46
Zvvqwfl,BusStop,41,96
Ucshrll,Hospital,14,35
Owcfxql,Park,91,50
Fgywmrk,Hospital,44,12
Weoeced,School,60,80
Qtdonsd,School,97,98
Pfvmpim,BusStop,40,48
Sbpglzn,School,80,27
Qkweleg,Park,1,91
Izqrkoz,BusStop,56,11
Jnsqocj,BusStop,44,4
Eyrahta,BusStop,38,82
Zvjshxr,Park,81,32
Azidpww,School,64,36
Lbseqws,Park,37,99
Zixbgih,Hospital,3,23
Zhesvyl,BusStop,60,22
Vvzqbkw,Park,12,87
Bcjzxdp,School,75,80
Jtwmeip,BusStop,41,92
Gaighnw,School,9,29
Sjswprn,Hospital,20,23
Ioywrux,Hospital,37,38
Vdkvxyb,Park,97,12
Xrudkpe,School,94,68
Asstobl,School,56,23
Xhzyesz,Hospital,76,25
Kcrswcl,BusStop,95,17
Xnhdlmd,Hospital,70,88
Dhdkfjq,BusStop,13,6
Yilvyri,School,12,90
Lexklhj,Hospital,54,2
Fenayww,Hospital,73,63
Qmiigwe,BusStop,39,39
Pewhyls,Hospital,16,41
Blsptkb,Park,35,8
Ijbkipe,Park,78,30
Qcdnwdi,Park,95,81
Fklqmnk,School,57,20
Akdutpx,School,12,38
Mlygyst,Hospital,2,90
Ekhtlgo,School,71,36
Epxaxdj,Hospital,2,56
Jxlsois,Park,13,43
Jpxmchn,Park,29,11
Xtfirmg,BusStop,77,67
Jrmsrzn,BusStop,72,45
Lxcvqlm,Park,68,76
Zulmexq,School,7,35
Fynrvee,Hospital,15,9
Nnkhexl,Hospital,39,84
Vjgocfz,BusStop,78,39
Fczyjnd,School,30,99
Epmhokm,Hospital,58,33
Ocljrmd,BusStop,69,64
Maorzfb,Hospital,50,13
Acdfyta,BusStop,2,4
Aptekjd,Park,32,18
Pdclfvh,School,86,51
Mpyboiu,School,63,31
Blvplfv,School,36,72
Dlznsjt,Hospital,82,59
Jbkweqk,BusStop,67,27
Ksdjfma,School,56,10
Jlqjexp,Park,84,54
Fekyjqk,Park,36,51
Yexgynd,Hospital,69,60
Vbgxifu,School,66,67
Noafhan,Park,38,64
Dycdtzk,Hospital,43,20
Rdibwwz,School,12,97
Ochqurz,BusStop,68,18
Ioqzsea,BusStop,91,64
Uimqotx,School,12,94
Zlolidi,BusStop,55,33
Bicgevg,School,76,60
Iuzpqtj,School,72,69
Jwksdwt,School,17,70
Lysudqq,Hospital,61,89
Bgqpubu,BusStop,0,48
Jziogbi,School,93,11
Elbydwy,School,14,96
Dslrhlb,Hospital,71,9
Bggeavs,BusStop,31,97
Uqwanmz,School,83,29
Qyskyqo,Park,19,49
Jdfhdzy,BusStop,35,61
Aqodekk,School,3,79
Wteddaw,Park,10,86
Ifvpjkm,BusStop,17,3
Kluxwvo,School,28,9
